year,make,model,variant,Body Type,No. of Seats,Build Date,Compliance Date,VIN,Registration No,Registration State,Registration Expiry Date,No. of Plates,No. of Cylinders,Engine Capacity,Fuel Type,Transmission,Indicated Odometer Reading,Odometer Measurement,Exterior Colour,Interior Colour,Key,Spare Key,Owners Manual,Service History,Engine Turns Over,Location,date,bids,price,url
2013,Dodge,Journey,SXT Automatic 7 Seats Wagon,Wagon,7,2013-05,2014-01,3C4PDCJG3DT714794,1BJ8UI,VIC,27-05-2025,2,6,3.6,Petrol,Automatic,134890,kilometre,Silver,Black,Yes,No,No,No,Yes,VIC,2025-07-06,51,3100.0,https://www.grays.com/lot/0001-21050849/motor-vehicles-motor-cycles/2013-dodge-journey-sxt-automatic-7-seats-wagon
2012,FORD,FOCUS,Trend LW II Manual Hatchback,Hatchback,5,2012-12,2012-12,MPB1XXMXB1CT22014,ZKR176,VIC,15-07-2025,2,4,2.0,Petrol,Manual,267901,kilometre,Silver,Grey,Yes,Yes,Yes,Yes,Yes,VIC,2025-07-06,20,1609.0,https://www.grays.com/lot/0001-21051780/motor-vehicles-motor-cycles/2012-ford-focus-trend-lw-ii-manual-hatchback
2022,Toyota,Kluger,4X2 GXL GSU70R Auto - 8 Speed 7 Seats Wagon (EX-GOV),Wagon,7,2022-09,2022-09,5TDLZ3AH50S138686,1XG4DJ,VIC,30-06-2025,2,6,3.5,Petrol,Automatic - 8 Speed,89244,kilometre,White,Black Leather,Yes,Yes,Yes,Yes,Yes,VIC,2025-07-06,204,36900.0,https://www.grays.com/lot/0001-21051646/motor-vehicles-motor-cycles/2022-toyota-kluger-4x2-gxl-gsu70r-auto-8-speed-7-seats-wagon-ex-gov
2015,Hyundai,i30,Active GD Automatic Hatchback,Hatchback,5,2015-12,2016-04,KMHD251EMHU324927,1GL1QW,VIC,14-04-2026,2,4,1.8,Petrol,Automatic,211464,kilometre,White,Black,Yes,Yes,Yes,Yes,Yes,VIC,2025-07-06,19,6100.0,https://www.grays.com/lot/0001-21051756/motor-vehicles-motor-cycles/2015-hyundai-i30-active-gd-automatic-hatchback
2021,Suzuki,S-CROSS,Turbo JY Automatic Hatchback,Hatchback,5,2021-01,2021-03,TSMJYAA2S00802367,1TP1AD,VIC,08-07-2025,2,4,1.4,Petrol,Automatic,154193,kilometre,White,Black,Yes,No,Yes,Yes,Yes,VIC,2025-07-06,1,9009.0,https://www.grays.com/lot/0001-21051775/motor-vehicles-motor-cycles/2021-suzuki-s-cross-turbo-jy-automatic-hatchback
2005,Mazda,Tribute,Limited Sport Automatic SUV,SUV,5,2005-02,2005-06,JM0CU081Y41208245,TRD013,VIC,?,2,6,3.0,Petrol,Automatic,245314,kilometre,Silver,Grey,Yes,No,Yes,Yes,Yes,VIC,2025-07-06,7,609.0,https://www.grays.com/lot/0001-21051741/motor-vehicles-motor-cycles/2005-mazda-tribute-limited-sport-automatic-suv
2010,Audi,Q5,S-Line 3.0 TDI Quattro 8R Turbo Diesel Automatic Wagon,Wagon,5,2010-11,2011-01,WAUZZZ8R6BA043112,YDD833,VIC,14-04-2026,2,6,3.0,Diesel,Automatic,240699,kilometre,Black,Black Leather,Yes,No,No,No,Yes,VIC,2025-07-06,71,5000.0,https://www.grays.com/lot/0001-21051632/motor-vehicles-motor-cycles/2010-audi-q5-s-line-3-0-tdi-quattro-8r-turbo-diesel-automatic-wagon
2014,Ford,Focus,Ambiente LW II Automatic Sedan,Sedan,5,2014-03,2014-04,MPB2XXMXB2ES61327,No plates,?,?,0,4,1.6,Petrol,Automatic,137662,kilometre,Silver,Black,Yes,No,No,No,Yes,VIC,2025-07-06,29,3700.0,https://www.grays.com/lot/0001-21051760/motor-vehicles-motor-cycles/2014-ford-focus-ambiente-lw-ii-automatic-sedan
2015,Holden,Caprice,V WN Automatic Sedan,Sedan,5,2015-09,2015-09,6G1NP5E41FL147392,2CN1OO,VIC,15-07-2025,2,6,3.6,LPG,Automatic,"111092 - Odometer discrepancy detected, see attached history report.",kilometre,Silver,Black Leather,Yes,Yes,Yes,Yes,Yes,VIC,2025-07-06,76,6800.0,https://www.grays.com/lot/0001-21051687/motor-vehicles-motor-cycles/2015-holden-caprice-v-wn-automatic-sedan
2009,Toyota,Kluger,Grande (4x4) GSU45R Automatic 7 Seats Wagon,Wagon,7,2009-12,2009-12,JTEES42AX02156950,XLK522,VIC,19-01-2026,2,6,3.5,Petrol,Automatic,285883,kilometre,White,Cream Leather,Yes,Yes,Yes,Yes,Yes,VIC,2025-07-06,76,6600.0,https://www.grays.com/lot/0001-21051782/motor-vehicles-motor-cycles/2009-toyota-kluger-grande-4x4-gsu45r-automatic-7-seats-wagon
2019,BMW,7,30d G11 LCI Turbo Diesel Auto M-Sport- 8 Speed Sedan,Sedan,5,2019-07,2019-11,WBA7S22020BS86985,No Plates,?,?,0,6,3.0,Diesel,Automatic - 8 Speed,246708,kilometre,Black,Black,Yes,No,No,Yes,Yes,VIC,2025-07-06,359,43400.0,https://www.grays.com/lot/0001-21051783/motor-vehicles-motor-cycles/2019-bmw-7-30d-g11-lci-turbo-diesel-automatic-8-speed-sedan
2006,Land,Rover,Discovery 3 SE Series III T/D Auto 7 Seats Wagon,Wagon,7,2006-08,2006-10,SALLAAA136A410225,1EL3AI,VIC,31-10-2025,2,6,2.7,Diesel,Automatic,278427,kilometre,Silver,Black Leather,Yes,No,Yes,Yes,Yes,VIC,2025-07-06,37,2700.0,https://www.grays.com/lot/0001-21051689/motor-vehicles-motor-cycles/2006-land-rover-discovery-3-se-series-iii-t-d-auto-7-seats-wagon
2016,Mitsubishi,ASX,LS 2WD XB CVT Wagon,Wagon,5,2016-06,2016-06,JMFXTGA2WFZC17826,?,?,?,0,4,2.0,Petrol,CVT,156133,kilometre,Grey,Grey,Yes,Yes,Yes,Yes,Yes,QLD,2025-07-06,74,5309.0,https://www.grays.com/lot/0001-50712241/motor-vehicles-motor-cycles/2016-mitsubishi-asx-ls-2wd-xb-cvt-wagon
2017,Skoda,Octavia,RS 169TSI NE Automatic Wagon,Wagon,5,2017-05,2017-10,TMBKE9NE0J0094031,APA858,VIC,02-11-2025,2,4,2.0,Petrol,Automatic,225054,kilometre,Red,Black,Yes,Yes,Yes,Yes,Yes,VIC,2025-07-06,62,8900.0,https://www.grays.com/lot/0001-21051693/motor-vehicles-motor-cycles/2017-skoda-octavia-rs-169tsi-ne-automatic-wagon
2011,TOYOTA,COROLLA,ASCENT ZRE152R Automatic Sedan,Sedan,5,2011-09,2011-10,JTNBU56E40J070605,?,?,?,0,4,1.8,Petrol,Automatic,185493,kilometre,Silver,Grey,Yes,Yes,Yes,Yes,Yes,QLD,2025-07-06,43,4900.0,https://www.grays.com/lot/0001-50712242/motor-vehicles-motor-cycles/2011-toyota-corolla-ascent-zre152r-automatic-sedan
2002,Mercedes,Benz,C320 Elegance W203 Automatic Sedan,Sedan,5,2002-03,2002-04,WDC2030642R056340,RPE204,VIC,10-08-2025,2,6,3.2,Petrol,Automatic,213178,kilometre,Silver,Black Leather,Yes,Yes,Yes,Yes,Yes,VIC,2025-07-06,5,409.0,https://www.grays.com/lot/0001-21051691/motor-vehicles-motor-cycles/2002-mercedes-benz-c320-elegance-w203-automatic-sedan
2000,Toyota,Camry,CSI SXV20R Automatic Sedan,Sedan,5,?,2000-07,6T153SK200X062591,QLG354,VIC,15-07-2025,2,4,2.2,Petrol,Automatic,174490,kilometre,White,Grey,Yes,Yes,Yes,No,Yes,VIC,2025-07-06,20,1809.0,https://www.grays.com/lot/0001-21051781/motor-vehicles-motor-cycles/2000-toyota-camry-csi-sxv20r-automatic-sedan
2012,Ford,Fiesta,LX WT Automatic Hatchback,Hatchback,5,2012-03,2012-04,MNBJXXARJJCA90814,No plates,VIC,?,2,4,1.6,Petrol,Automatic,81707,kilometre,Blue,Grey,Yes,Yes,Yes,Yes,Yes,VIC,2025-07-06,33,3700.0,https://www.grays.com/lot/0001-21051564/motor-vehicles-motor-cycles/2012-ford-fiesta-lx-wt-automatic-hatchback
2014,Mitsubishi,ASX,XLS 4WD XB Turbo Diesel Automatic Wagon,Wagon,5,2014-07,2014-08,JMFXLGA8WFZ000747,1CU5CN,VIC,15-06-2025,2,4,2.3,Diesel,Automatic,208445,kilometre,Silver,Black,Yes,Yes,Yes,No,Yes,VIC,2025-07-06,49,6110.0,https://www.grays.com/lot/0001-21051728/motor-vehicles-motor-cycles/2014-mitsubishi-asx-xls-4wd-xb-turbo-diesel-automatic-wagon
0,Nissan,Navara,4X2 ST D40 Turbo Diesel Manual Dual Cab,Dual Cab Chassis,5,2012-12,2013-04,VSKCVAD40A0510868,1BH9RN,VIC,17-03-2025,2,4,2.5,Diesel,Manual,353544,kilometre,White,Black,Yes,No,Yes,No,Yes,VIC,2025-07-06,24,2600.0,https://www.grays.com/lot/0001-21050994/motor-vehicles-motor-cycles/nissan-navara-4x2-st-d40-turbo-diesel-manual-dual-cab
2012,Jeep,Grand,Cherokee Laredo (4x4) WK Turbo Diesel Automatic SUV,SUV,5,2012 - 07,2012 - 09,1C4RJFEM7DC511843,1CZ1QU,VIC,?,2,6,3.0,Diesel,Automatic,171987,kilometre,Grey,Black Leather,Yes,Yes,No,No,Yes,VIC,2025-07-06,7,2600.0,https://www.grays.com/lot/0001-21051692/motor-vehicles-motor-cycles/2012-jeep-grand-cherokee-laredo-4x4-wk-turbo-diesel-automatic-suv
2011,Mazda,3,SP25 BL Manual Hatchback,Hatchback,5,2011-05,2011-06,JM0BL10L100233466,2CA8AY,VIC,21-08-2025,2,4,2.5,Petrol,Manual,183136,kilometre,Silver,Black,Yes,Yes,Yes,No,Yes,VIC,2025-07-06,34,3200.0,https://www.grays.com/lot/0001-21051710/motor-vehicles-motor-cycles/2011-mazda-3-sp25-bl-manual-hatchback
0,Mazda,CX-7,Luxury Sports (4x4) Automatic Wagon,Wagon,5,?,2011-01,JM0ER103200225408,1HX6VJ,VIC,18-02-2026,2,4,2.3,Petrol,Automatic,225077,kilometre,White,Black Leather,Yes,Yes,Yes,Yes,Yes,VIC,2025-07-06,52,4350.0,https://www.grays.com/lot/0001-21051752/motor-vehicles-motor-cycles/mazda-cx-7-luxury-sports-4x4-automatic-wagon
2015,Volkswagen,Polo,81TSI COMFORTLINE 6R AT Hatchback (WOVR-INSPECTED),Hatchback,5,2015-01,2015-02,WVWZZZ6RZFU055317,1TM6RC,VIC,19-09-2025,2,4,1.2,Petrol,Automatic,111264,kilometre,White,Black,Yes,Yes,No,Yes,Yes,VIC,2025-07-06,62,5900.0,https://www.grays.com/lot/0001-21051751/motor-vehicles-motor-cycles/2015-volkswagen-polo-81tsi-comfortline-6r-at-hatchback-wovr-inspected
2009,Land,Rover,Range Rover Sport 3.0 TDV6 Turbo Diesel Automatic Wagon,Wagon,5,2009,2009-12,SALLSAAF3AA223941,DDY160,VIC,30-08-2025,2,6,3.0,Diesel,Automatic,145347,kilometre,White,Black Leather,Yes,No,Yes,No,Yes,VIC,2025-07-06,87,9400.0,https://www.grays.com/lot/0001-21051733/motor-vehicles-motor-cycles/2009-land-rover-range-rover-sport-3-0-tdv6-turbo-diesel-automatic-wagon
2004,Mazda,3,SP23 BK Manual Sedan,Sedan,5,2004-04,2004-05,JM0BK103100113667,2AQ5AF,VIC,?,?,4,2.3,Petrol,Manual,203774,kilometre,Red,Black,Yes,No,No,Yes,Yes,VIC,2025-07-06,13,1200.0,https://www.grays.com/lot/0001-21051638/motor-vehicles-motor-cycles/2004-mazda-3-sp23-bk-manual-sedan
2009,Audi,A5,2.0 TFSI Quattro 8T Automatic Convertible,Convertible,4,2009-08,2010-02,WAUZZZ8F9AN010280,No plates,VIC,?,?,4,2.0,Premium Unleaded,Automatic,112818,kilometre,Grey,Black,Yes,No,Yes,Yes,Yes,NSW,2025-07-06,50,3309.0,https://www.grays.com/lot/0001-10349497/motor-vehicles-motor-cycles/2009-audi-a5-2-0-tfsi-quattro-8t-automatic-convertible
2012,Volkswagen,Passat,118 TSI 3C Automatic Sedan,Sedan,5,2012-05,2012-11,WVWZZZ3CZCP079524,1YS3SC,VIC,24-07-2025,2,4,1.8,Petrol,Automatic,322860,kilometre,Silver,Black,Yes,Yes,Yes,Yes,Yes,VIC,2025-07-06,22,1310.0,https://www.grays.com/lot/0001-21051755/motor-vehicles-motor-cycles/2012-volkswagen-passat-118-tsi-3c-automatic-sedan
2005,Mazda,3,Maxx Sport BK Automatic Sedan,Sedan,5,2005-04,2005-05,JM0BK10F100153130,TOA605,VIC,03-09-2025,2,4,2.0,Petrol,Automatic,240856,kilometre,Blue,Black,Yes,No,Yes,Yes,Yes,VIC,2025-07-06,44,2900.0,https://www.grays.com/lot/0001-21051696/motor-vehicles-motor-cycles/2005-mazda-3-maxx-sport-bk-automatic-sedan
1990,Nissan,Pulsar,Q Automatic Hatch,?,5,1990-05,1990-05,6F4FXAN13K0R69403,No plates,?,?,0,4,1.8,Petrol,Automatic,63303,kilometre,White,Grey,Yes,Yes,Yes,No,Yes,NSW,2025-07-06,2,2909.0,https://www.grays.com/lot/0001-10911695/motor-vehicles-motor-cycles/1990-nissan-pulsar-q-automatic-hatch
2012,Subaru,Impreza,2.0i (AWD) G4 Manual Sedan,Sedan,5,2012-03,2013-04,JF1GJ7KA3CG003249,2CA7SW,VIC,10-07-2025,2,4,2.0,Petrol,Manual,233394,kilometre,Black,Black,Yes,Yes,Yes,Yes,Yes,VIC,2025-07-06,20,1909.0,https://www.grays.com/lot/0001-21051726/motor-vehicles-motor-cycles/2012-subaru-impreza-2-0i-awd-g4-manual-sedan
2011,Subaru,Outback,2.5i Premium B5A CVT Wagon,Wagon,5,2011-01,2011-02,JF2BR9K95BG022742,2CN9RM,VIC,24-06-2025,2,4,2.5,Petrol,CVT,320447,kilometre,White,Black Leather,Yes,Yes,Yes,Yes,Yes,VIC,2025-07-06,24,1809.0,https://www.grays.com/lot/0001-21051640/motor-vehicles-motor-cycles/2011-subaru-outback-2-5i-premium-b5a-cvt-wagon
2014,Jeep,Compass,Blackhawk LE CVT Wagon,Wagon,5,2014-10,2016-04,1C4NJCFAXFD160568,FHO06T,NSW,?,2,4,2.0,Petrol,CVT,179096,kilometre,Black,Black,Yes,Yes,Yes,Yes,Yes,VIC,2025-07-06,28,2509.0,https://www.grays.com/lot/0001-21051683/motor-vehicles-motor-cycles/2014-jeep-compass-blackhawk-le-cvt-wagon
2010,Audi,TTS,2.0 TFSI 8J Automatic Convertible,Convertible,2,2010-03,2010-05,TRUZZZ8J1A1018202,No plates,VIC,?,0,4,2.0,Petrol,Automatic,128150,kilometre,Blue,Black Leather,Yes,Yes,Yes,Yes,Yes,VIC,2025-07-06,71,5805.0,https://www.grays.com/lot/0001-21051743/motor-vehicles-motor-cycles/2010-audi-tts-2-0-tfsi-8j-automatic-convertible
2005,Ford,Territory,TX (RWD) SX Automatic 7 Seats Wagon,Wagon,7,2005-05,2005-05,6FPAAAJGAT5M41591,XKN135,VIC,15-07-2025,2,6,4.0,Petrol,Automatic,290754,kilometre,White,Grey,Yes,Yes,Yes,Yes,Yes,VIC,2025-07-06,7,609.0,https://www.grays.com/lot/0001-21051793/motor-vehicles-motor-cycles/2005-ford-territory-tx-rwd-sx-automatic-7-seats-wagon
2014,Jeep,Grand,Cherokee Laredo WK Automatic - 8 Speed Wagon,Wagon,5,?,2014-10,1C4RJEEG9FC600370,ACU315,VIC,09-08-2025,2,6,3.6,Petrol,Automatic - 8 Speed,99608,kilometre,Black,Black,Yes,No,Yes,Yes,Yes,VIC,2025-07-06,36,7200.0,https://www.grays.com/lot/0001-21051785/motor-vehicles-motor-cycles/2014-jeep-grand-cherokee-laredo-wk-automatic-8-speed-wagon
2018,Subaru,Outback,2.5i Premium B6A CVT Wagon,Wagon,5,2018-10,2019-01,JF2BS9KC2JG114427,DZS59K,NSW,?,2,4,2.5,Petrol,CVT,254544,kilometre,Dark Grey,Black Leather,Yes,Yes,Yes,No,Yes,NSW,2025-07-06,63,6500.0,https://www.grays.com/lot/0001-10911677/motor-vehicles-motor-cycles/2018-subaru-outback-2-5i-premium-b6a-cvt-wagon
2013,Hyundai,i30,Active GD Automatic Hatchback,Hatchback,5,2013-04,2013-05,KMHD251EMDU104922,?,?,?,?,4,1.8,Petrol,Automatic,229287,kilometre,Silver,Multi,Yes,Yes,Yes,Yes,Yes,SA,2025-07-06,42,2510.0,https://www.grays.com/lot/0001-60048217/motor-vehicles-motor-cycles/2013-hyundai-i30-active-gd-automatic-hatchback
2009,BMW,3,Series 320i EXEC. E90 Automatic Sedan,Sedan,5,2009-12,2010-01,WBAPG56030NM21659,No plates,VIC,?,0,4,2.0,Petrol,Automatic,227675,kilometre,Grey,Black Leather,Yes,Yes,Yes,Yes,Yes,VIC,2025-07-06,44,2409.0,https://www.grays.com/lot/0001-21051677/motor-vehicles-motor-cycles/2009-bmw-3-series-320i-exec-e90-automatic-sedan
2009,Audi,A5,2.0 TFSI Quattro 8T Automatic Convertible,Convertible,4,2009-11,2010-01,WAUZZZ8F2AN013845,?,VIC,?,0,4,2.0,Premium Unleaded,Automatic,"120649 Odometer discrepancy detected, see attached history report",kilometre,Black,Black Leather,Yes,No,Yes,Yes,Yes,VIC,2025-07-06,2,5100.0,https://www.grays.com/lot/0001-21051820/motor-vehicles-motor-cycles/2009-audi-a5-2-0-tfsi-quattro-8t-automatic-convertible
2013,Mercedes,Benz,A-Class A180 BE W176 AUTOMATIC Hatchback,Hatchback,5,2013-03,2013-05,WDD1760422J087415,DQQ085,VIC,17/05/2026,2,4,1.6,Petrol,AUTOMATIC,138342,kilometre,White,Black,Yes,Yes,Yes,Yes,Yes,VIC,2025-07-06,81,9650.0,https://www.grays.com/lot/0001-21051750/motor-vehicles-motor-cycles/2013-mercedes-benz-a-class-a180-be-w176-automatic-hatchback
2015,Holden,Cruze,Equipe Series II JH Automatic Sedan,Sedan,5,2015-04,2015-04,6G1PD5EM3FL121054,1YH3XP,VIC,17-10-2025,2,4,1.8,Petrol,Automatic,148662,kilometre,Grey,Black,Yes,Yes,Yes,No,Yes,VIC,2025-07-06,47,4130.0,https://www.grays.com/lot/0001-21051779/motor-vehicles-motor-cycles/2015-holden-cruze-equipe-series-ii-jh-automatic-sedan
2009,Hyundai,iLOAD,TQ Turbo Diesel Manual Van,Van,3,2009-06,2009-07,KMFWBH7JR9U166560,No plates,VIC,?,0,4,2.5,Diesel,Manual,242875,kilometre,White,Grey,Yes,Yes,No,No,Yes,VIC,2025-07-06,15,1109.0,https://www.grays.com/lot/0001-21051792/motor-vehicles-motor-cycles/2009-hyundai-iload-tq-turbo-diesel-manual-van
0,Honda,Accord,Euro Luxury 8TH GEN Automatic Sedan,Sedan,5,?,2009-06,JHMCU2680AC200500,BKF09U,NSW,?,0,4,2.4,Petrol,Automatic,167201,kilometre,Dark Grey,Black Leather,Yes,No,Yes,Yes,Yes,NSW,2025-07-06,11,2409.0,https://www.grays.com/lot/0001-10911689/motor-vehicles-motor-cycles/honda-accord-euro-luxury-8th-gen-automatic-sedan
2009,BMW,1,20i E87 Automatic Hatchback,Hatchback,5,2009-06,2009-07,WBAUD32080P222956,XFC956,VIC,31-07-2025,2,4,2.0,Petrol,Automatic,137589,kilometre,Silver,Black Leather,Yes,Yes,Yes,Yes,Yes,VIC,2025-07-06,32,2300.0,https://www.grays.com/lot/0001-21051688/motor-vehicles-motor-cycles/2009-bmw-1-20i-e87-automatic-hatchback
2014,Jeep,Grand,Cherokee Limited WK Automatic - 8 Speed Wagon,Wagon,5,2014-08,2014-10,1C4RJFFG3FC617170,No Plates,?,?,0,6,3.6,Petrol,Automatic - 8 Speed,236933,kilometre,White,Black Leather,Yes,No,Yes,Yes,Yes,VIC,2025-07-06,24,4800.0,https://www.grays.com/lot/0001-21051763/motor-vehicles-motor-cycles/2014-jeep-grand-cherokee-limited-wk-automatic-8-speed-wagon
2012,Subaru,Liberty,2.5i B5 CVT Wagon,Wagon,5,2012-09,2012-12,JF1BRMKC2DG044876,1JJ7XA,VIC,16-01-2026,2,4,2.5,Petrol,CVT,223703,kilometre,Black,Black Leather,Yes,No,No,No,Yes,VIC,2025-07-06,35,3009.0,https://www.grays.com/lot/0001-21051742/motor-vehicles-motor-cycles/2012-subaru-liberty-2-5i-b5-cvt-wagon
2003,Mazda,323,Protege Shades BJ Automatic Sedan,Sedan,5,2003-07,2003-08,JM0BJ10P200242119,1WR2MD,VIC,29-08-2025,2,4,1.8,Petrol,Automatic,190728,kilometre,Gold,Grey,Yes,No,No,No,Yes,VIC,2025-07-06,34,2400.0,https://www.grays.com/lot/0001-21051695/motor-vehicles-motor-cycles/2003-mazda-323-protege-shades-bj-automatic-sedan
2005,Toyota,Hilux,SR5 (4x4) GGN25R Manual Ute,Ute,5,2005-04,2005-05,MR0HU29G906000192,TNV055,VIC,25-02-2026,2,6,4.0,Petrol,Manual,401284,kilometre,Silver,Grey,Yes,No,Yes,Yes,Yes,VIC,2025-07-06,22,6109.0,https://www.grays.com/lot/0001-21051739/motor-vehicles-motor-cycles/2005-toyota-hilux-sr5-4x4-ggn25r-manual-ute
2017,Mercedes,Benz,Sprinter 519 CDI LWB H/ROOF Turbo Diesel Automatic Van,Van,2,?,2017-09,WDB9066552P531132,1KS6FY,VIC,26-06-2025,2,6,3.0,Diesel,Automatic,506593,kilometre,White,Black,Yes,Yes,Yes,Yes,Yes,VIC,2025-07-06,105,12600.0,https://www.grays.com/lot/0001-21051662/motor-vehicles-motor-cycles/2017-mercedes-benz-sprinter-519-cdi-lwb-h-roof-turbo-diesel-automatic-van
2011,Ford,Territory,TX (4x4) SZ Turbo Diesel Automatic Wagon,Wagon,5,2011-07,2011-07,6FPAAAJGATBS42443,No plates,VIC,?,0,6,2.7,Diesel,Automatic,300001,kilometre,White,Charcoal,Yes,No,No,No,No,WA,2025-07-06,11,709.0,https://www.grays.com/lot/0001-9061246/motor-vehicles-motor-cycles/2011-ford-territory-tx-4x4-sz-turbo-diesel-automatic-wagon
2006,Mercedes,Benz,GL320CDI X164 Turbo Diesel Automatic Wagon,Wagon,5,2006-09,2006-10,WDC1648222A176393,EGI16R,NSW,?,?,6,3.0,Diesel,Automatic,260848,kilometre,Silver,Black,Yes,Yes,Yes,Yes,Yes,NSW,2025-07-06,10,909.0,https://www.grays.com/lot/0001-10349423/motor-vehicles-motor-cycles/2006-mercedes-benz-gl320cdi-x164-turbo-diesel-automatic-wagon
2008,Nissan,Navara,RX (4x4) D40 Turbo Diesel Manual Ute,Ute,4,2008-06,?,MNTNCUD40A0001246,1HG5KQ,VIC,15-07-2025,2,4,2.5,Diesel,Manual,275336,kilometre,White,Grey,Yes,Yes,Yes,Yes,Yes,VIC,2025-07-06,20,1809.0,https://www.grays.com/lot/0001-21051744/motor-vehicles-motor-cycles/2008-nissan-navara-rx-4x4-d40-turbo-diesel-manual-ute
2003,Porsche,Cayenne,S Automatic Wagon,Wagon,5,2003-06,2003-08,WP1ZZZ9PZ3LA44985,No Plates,?,?,0,8,4.5,Petrol,Automatic,208738,kilometre,Black,Brown Leather,Yes,No,Yes,Yes,Yes,VIC,2025-07-06,24,2600.0,https://www.grays.com/lot/0001-21051643/motor-vehicles-motor-cycles/2003-porsche-cayenne-s-automatic-wagon
2009,Volkswagen,Golf,103TDI Comfortline A6 Turbo Diesel Automatic Hatchback,Hatchback,5,2009-11,2010-01,WVWZZZ1KZAP088536,CAF359,VIC,19-09-2025,2,4,2.0,Diesel,Automatic,223016,kilometre,Grey,Black,Yes,No,Yes,Yes,Yes,VIC,2025-07-06,14,1210.0,https://www.grays.com/lot/0001-21051686/motor-vehicles-motor-cycles/2009-volkswagen-golf-103tdi-comfortline-a6-turbo-diesel-automatic-hatchback
2005,Ford,Territory,Ghia (RWD) SX Automatic 7 Seats Wagon,Wagon,7,2005-03,2005-03,6FPAAAJGAT5M38881,TLQ319,VIC,28-04-2026,2,6,4.0,Petrol,Automatic,419263,kilometre,Silver,Grey,Yes,Yes,No,No,Yes,VIC,2025-07-06,6,509.0,https://www.grays.com/lot/0001-21051784/motor-vehicles-motor-cycles/2005-ford-territory-ghia-rwd-sx-automatic-7-seats-wagon
2009,TOYOTA,MAJESTA,Import Automatic Sedan,?,5,2009-04,2023-02,6ZZ9URS2061001371,1XN1KZ,?,15-09-2025,2,8,4.7,Petrol,Automatic,174180,kilometre,White,Black,Yes,Yes,Yes,Yes,Yes,VIC,2025-07-06,83,10400.0,https://www.grays.com/lot/0001-21051616/motor-vehicles-motor-cycles/2009-toyota-majesta-import-automatic-sedan
2016,Mazda,CX-9,TOURING FWD TC Automatic 7 Seats Wagon,Wagon,7,2016-12,2017-01,JM0TC2WLA00108833,1JI7WI,VIC,16-02-2026,2,4,2.5,Petrol,Automatic,333507,kilometre,Grey,Black,Yes,Yes,Yes,Yes,Yes,VIC,2025-07-06,141,11800.0,https://www.grays.com/lot/0001-21051753/motor-vehicles-motor-cycles/2016-mazda-cx-9-touring-fwd-tc-automatic-7-seats-wagon
2000,Mazda,626,Classic GF Automatic Sedan,Sedan,5,2000-01,2000-02,JM0GF10S200201803,2CJ8YC,VIC,30-07-2025,2,4,2.0,Petrol,Automatic,181444,kilometre,Gold,Grey,Yes,No,Yes,Yes,Yes,VIC,2025-07-06,9,809.0,https://www.grays.com/lot/0001-21051727/motor-vehicles-motor-cycles/2000-mazda-626-classic-gf-automatic-sedan
2004,BMW,3,18i E46 Automatic Sedan,Sedan,5,2004-10,2005-01,WBAET76090NJ75294,TMF481,VIC,29-06-2025,2,4,2.0,Petrol,Automatic,"160774 - Odometer discrepancy detected, see attached history report.",kilometre,Blue,Cream Leather,Yes,No,Yes,Yes,Yes,VIC,2025-07-06,8,509.0,https://www.grays.com/lot/0001-21051737/motor-vehicles-motor-cycles/2004-bmw-3-18i-e46-automatic-sedan
2011,Ford,Fiesta,CL WT Manual Hatchback,Hatchback,5,2011-01,2011-02,MNBJXXARJJBC35315,1JW7AF,VIC,?,2,4,1.6,Petrol,Manual,236052,kilometre,White,Black,Yes,Yes,Yes,Yes,Yes,VIC,2025-07-06,23,1809.0,https://www.grays.com/lot/0001-21051740/motor-vehicles-motor-cycles/2011-ford-fiesta-cl-wt-manual-hatchback
2012,Hyundai,i30,Premium GD Automatic Hatchback,Hatchback,5,2012-08,2012-10,KMHD351EMDU043770,ZHW891,VIC,10-07-2025,2,4,1.8,Petrol,Automatic,97424,kilometre,Black,Black Leather,Yes,Yes,Yes,Yes,Yes,VIC,2025-07-06,57,7800.0,https://www.grays.com/lot/0001-21051745/motor-vehicles-motor-cycles/2012-hyundai-i30-premium-gd-automatic-hatchback
2013,Hyundai,iMAX,TQ Turbo Diesel Automatic 8 Seats People Mover,People Mover,8,2013-11,2013-12,KMHWH81KMEU607700,1XO3MY,VIC,04-07-2025,2,4,2.5,Diesel,Automatic,196880,kilometre,Silver,Grey,Yes,No,No,No,Yes,VIC,2025-07-06,37,4700.0,https://www.grays.com/lot/0001-21051747/motor-vehicles-motor-cycles/2013-hyundai-imax-tq-turbo-diesel-automatic-8-seats-people-mover
2009,Kia,Sportage,LX (FWD) KM Automatic Wagon,Wagon,5,2009-12,2010-07,KNAKH812MA7718125,no plates - plates to be removed,VIC,?,2,4,2.0,Petrol,Automatic,128078,kilometre,Black,Grey,Yes,Yes,Yes,Partial,Yes,WA,2025-07-06,46,3202.0,https://www.grays.com/lot/0001-9061197/motor-vehicles-motor-cycles/2009-kia-sportage-lx-fwd-km-automatic-wagon
2007,Subaru,Outback,2.5i Premium B4A Automatic Wagon,Wagon,5,2007-04,2007-05,JF2BP9KLA7G056175,ZJG898,VIC,11-05-2026,2,4,2.5,Petrol,Automatic,248551,kilometre,Dark Grey,Black Leather,Yes,Yes,Yes,Yes,Yes,VIC,2025-07-06,36,2209.0,https://www.grays.com/lot/0001-21051754/motor-vehicles-motor-cycles/2007-subaru-outback-2-5i-premium-b4a-automatic-wagon
2005,Toyota,Corolla,Ascent Seca ZZE123R Automatic Hatchback,Hatchback,5,2005-03,2005-03,JTDKR23E602032635,TKB794,VIC,08-04-2026,2,4,1.8,Petrol,Automatic,132007,kilometre,Silver,Black,Yes,No,Yes,Yes,Yes,VIC,2025-07-06,47,4510.0,https://www.grays.com/lot/0001-21051684/motor-vehicles-motor-cycles/2005-toyota-corolla-ascent-seca-zze123r-automatic-hatchback
2012,Jeep,Grand,Cherokee SRT-8 VAPOR LE WK Auto Wagon (RWC Issued 5-6-25),Wagon,5,2012-11,2013-01,1C4RJFHJ4DC589580,2BY4PX,?,20-08-2025,0,8,6.4,Petrol,Automatic,203372,kilometre,Black,Black Leather,Yes,Yes,Yes,Yes,Yes,VIC,2025-07-06,240,20900.0,https://www.grays.com/lot/0001-21051681/motor-vehicles-motor-cycles/2012-jeep-grand-cherokee-srt-8-vapor-le-wk-auto-wagon-rwc-issued-5-6-25
2016,LDV,G10,9 seat Automatic 9 Seats People Mover,People Mover,9,2016-05,2016-07,LSKG4AL14GA415754,no plates,VIC,?,0,4,2.0,Petrol,Automatic,159303,kilometre,White,Cream Leather,Yes,No,Yes,Yes,Yes,VIC,2025-07-06,1,6000.0,https://www.grays.com/lot/0001-21051734/motor-vehicles-motor-cycles/2016-ldv-g10-9-seat-automatic-9-seats-people-mover
2012,Volvo,V40,D4 LUXURY Turbo Diesel Automatic Wagon,Wagon,5,2012-11,2013-02,YV1MV5550D2025121,CMN76L,NSW,?,0,5,2.0,Diesel,Automatic,143438,kilometre,Black,Black Leather,Yes,No,Yes,Yes,Yes,NSW,2025-07-06,1,5509.0,https://www.grays.com/lot/0001-10911696/motor-vehicles-motor-cycles/2012-volvo-v40-d4-luxury-turbo-diesel-automatic-wagon
2002,Holden,Cruze,YG Automatic Wagon,Wagon,5,2002-08,2002-09,JSAGHY81S00102235,1RD2QP,VIC,22-07-2025,2,4,1.5,Petrol,Automatic,153949,kilometre,Yellow,Grey,Yes,No,Yes,No,Yes,VIC,2025-07-06,10,909.0,https://www.grays.com/lot/0001-21051725/motor-vehicles-motor-cycles/2002-holden-cruze-yg-automatic-wagon
2006,Mercedes,Benz,S-Class S350L W221 Automatic Sedan,Sedan,5,2006-10,2007-01,WDD2211562A102929,No plates,VIC,?,0,6,3.5,Petrol,Automatic,"54946 Odometer discrepancy detected, see attached history report",kilometre,Black,Black Leather,Yes,No,No,No,Yes,VIC,2025-07-06,41,8200.0,https://www.grays.com/lot/0001-21051641/motor-vehicles-motor-cycles/2006-mercedes-benz-s-class-s350l-w221-automatic-sedan
2014,Jeep,Cherokee,SPORT 4X2 KL 9 auto Wagon,Wagon,5,2014-03,2014-06,1C4PJLEB1EW235017,ZXF154,VIC,28-08-2025,2,4,2.4,Petrol,9 auto,290652,kilometre,White,Black,Yes,No,Yes,Yes,Yes,VIC,2025-07-06,41,3009.0,https://www.grays.com/lot/0001-21051652/motor-vehicles-motor-cycles/2014-jeep-cherokee-sport-4x2-kl-9-auto-wagon
2015,Hyundai,Accent,Active RB CVT Hatchback,Hatchback,5,2015-07,2015-10,KMHCT51BTGU247526,No plates,NSW,?,?,4,1.4,Petrol,CVT,121767,kilometre,White,Grey,Yes,Yes,Yes,Yes,Yes,NSW,2025-07-06,71,5900.0,https://www.grays.com/lot/0001-10349429/motor-vehicles-motor-cycles/2015-hyundai-accent-active-rb-cvt-hatchback
2016,Toyota,Yaris,Ascent NCP130R Manual Hatchback,Hatchback,5,2016-04,2016-05,JTDKW3D360D579839,No plates,VIC,?,0,4,1.3,Petrol,Manual,126553,kilometre,Red,Black,Yes,Yes,No,No,Yes,VIC,2025-07-06,53,4034.0,https://www.grays.com/lot/0001-21051630/motor-vehicles-motor-cycles/2016-toyota-yaris-ascent-ncp130r-manual-hatchback
2010,Ford,Transit,MID (MWB) VM Turbo Diesel Manual Van,Van,3,2010-01,2010-03,WF0XXXTTFXAL65457,BPA16U,NSW,?,0,4,2.4,Diesel,Manual,308637,kilometre,White,Grey,Yes,Yes,Yes,Yes,Yes,NSW,2025-07-06,1,6009.0,https://www.grays.com/lot/0001-10911694/motor-vehicles-motor-cycles/2010-ford-transit-mid-mwb-vm-turbo-diesel-manual-van
2010,Holden,Cruze,CD JG Manual Sedan,Sedan,5,2010-01,2010-02,KL3JF695JAK623851,1IPY046,WA,25-08-2025,2,4,1.8,Petrol,Manual,173362,kilometre,Red,Grey,Yes,No,No,No,Yes,WA,2025-07-06,15,1309.0,https://www.grays.com/lot/0001-9061247/motor-vehicles-motor-cycles/2010-holden-cruze-cd-jg-manual-sedan
2003,Porsche,Cayenne,S Automatic Wagon,Wagon,5,2003-09,2005-03,WP1ZZZ9PZ4LA45171,UFE000,VIC,28-06-2025,2,8,4.5,Petrol,Automatic,122009,kilometre,Blue,Brown Leather,Yes,Yes,Yes,Yes,Yes,VIC,2025-07-06,110,9000.0,https://www.grays.com/lot/0001-21051719/motor-vehicles-motor-cycles/2003-porsche-cayenne-s-automatic-wagon
2013,Mazda,3,SP25 ASTINA BM Automatic Hatchback,Hatchback,5,2013-12,2013-12,JM0BM543810102468,1BE3DI,VIC,11-02-2026,2,4,2.5,Petrol,Automatic,230061,kilometre,Red,Black,Yes,No,Yes,Yes,Yes,VIC,2025-07-06,67,7866.0,https://www.grays.com/lot/0001-21051694/motor-vehicles-motor-cycles/2013-mazda-3-sp25-astina-bm-automatic-hatchback
2013,Nissan,Navara,4X4 ST D40 Turbo Diesel Manual Dual Cab,Dual Cab,5,2013-01,2013-03,VSKCVND40A0512275,No Plates,QLD,?,0,4,2.5,Diesel,Manual,272174,kilometre,Blue,Black Leather,Yes,No,Yes,Yes,Yes,VIC,2025-07-06,48,4500.0,https://www.grays.com/lot/0001-21051685/motor-vehicles-motor-cycles/2013-nissan-navara-4x4-st-d40-turbo-diesel-manual-dual-cab
2012,Volkswagen,Touareg,V6 TDI 7P Turbo Diesel Auto 180KW - 8 Speed Wagon,Wagon,5,2012-02,2012-05,WVGZZZ7PZCD048327,YZC128,VIC,21-08-2025,2,6,3.0,Diesel,Automatic - 8 Speed,294184,kilometre,Silver,Black Leather,Yes,Yes,Yes,Yes,Yes,VIC,2025-07-06,57,5284.0,https://www.grays.com/lot/0001-21051633/motor-vehicles-motor-cycles/2012-volkswagen-touareg-v6-tdi-7p-turbo-diesel-auto-180kw-8-speed-wagon
2016,HYUNDAI,VELOSTER,SR TURBO FS Automatic Coupe,Coupe,4,2016-01,2016-10,KMHTC61EVGU288533,AKL162,VIC,21-07-2025,2,4,1.6,Petrol,Automatic,156155,kilometre,Orange,Black Leather,Yes,Yes,Yes,Yes,Yes,VIC,2025-07-06,101,8400.0,https://www.grays.com/lot/0001-21051690/motor-vehicles-motor-cycles/2016-hyundai-veloster-sr-turbo-fs-automatic-coupe
2013,BMW,X5,xDrive M SPORT 30d F15 Turbo Diesel Automatic - 8 Speed Wagon,Wagon,5,2013-08,2013-11,WBAKS420200C49052,1KF1LH,VIC,13-08-2025,2,6,3.0,Diesel,Automatic - 8 Speed,214844,kilometre,White,Black Leather,Yes,Yes,Yes,Yes,Yes,VIC,2025-07-06,121,9800.0,https://www.grays.com/lot/0001-21051628/motor-vehicles-motor-cycles/2013-bmw-x5-xdrive-m-sport-30d-f15-turbo-diesel-automatic-8-speed-wagon
2009,Audi,A6,3.0 TDi Quattro C6 Turbo Diesel AT Sedan,Sedan,5,2009-07,2009-10,WAUZZZ4F8AN015976,BQN085,VIC,16-08-2025,2,6,3.0,Diesel,Automatic,224181,kilometre,Dark Blue,Beige Leather,Yes,No,Yes,Yes,Yes,VIC,2025-07-06,52,3600.0,https://www.grays.com/lot/0001-21051746/motor-vehicles-motor-cycles/2009-audi-a6-3-0-tdi-quattro-c6-turbo-diesel-at-sedan
2013,Holden,Cruze,CDX JH Automatic Sedan,Sedan,5,2013-06,2013-06,6G1PE5EM2EL911098,1ZL7BA,VIC,29-07-2025,2,4,1.8,Petrol,Automatic,214602,kilometre,Dark Grey,Black Leather,Yes,Yes,Yes,No,Yes,VIC,2025-07-06,37,1999.0,https://www.grays.com/lot/0001-21051712/motor-vehicles-motor-cycles/2013-holden-cruze-cdx-jh-automatic-sedan
2013,BMW,X1,sDrive 18d E84 LCI Turbo Diesel Automatic - 8 Speed Wagon,Wagon,5,2013 - 09,2013 - 11,WBAVN72080VX37265,?,?,?,?,4,2.0,Diesel,Automatic - 8 Speed,99193,kilometre,White,Black Leather,Yes,Yes,Yes,Yes,Yes,SA,2025-07-06,67,7500.0,https://www.grays.com/lot/0001-60048215/motor-vehicles-motor-cycles/2013-bmw-x1-sdrive-18d-e84-lci-turbo-diesel-automatic-8-speed-wagon
2010,Holden,Colorado,LX (4x4) RC Turbo Diesel Manual Cab Chassis,Cab Chassis,2,Unable to read,2010-04,MMMTFS85JAH526971,1SA3LC,VIC,20-06-2025,2,4,3,Diesel,Manual,232025,kilometre,Silver,Grey,Yes,Yes,Yes,Yes,Yes,VIC,2025-07-07,98,7200.0,https://www.grays.com/lot/0001-21051788/motor-vehicles-motor-cycles/2010-holden-colorado-lx-4x4-rc-turbo-diesel-manual-cab-chassis
2012,Ford,Focus,Sport LW II Turbo Diesel Automatic Sedan,Sedan,5,2012-09,?,MPB1XXMXB1CL12181,ZLZ336,VIC,16-01-2026,2,4,2,Diesel,Automatic,"110240 Odometer discrepancy detected, see attached history report",kilometre,White,Grey,Yes,No,Yes,No,Yes,VIC,2025-07-07,58,4000.0,https://www.grays.com/lot/0001-21051817/motor-vehicles-motor-cycles/2012-ford-focus-sport-lw-ii-turbo-diesel-automatic-sedan
2016,Ford,Ranger,XL 4X4 PX II Turbo Diesel Automatic Dual Cab,Dual Cab Chassis,5,2016-07,2016-08,MNAUMFF50GW605906,No plates,?,?,0,5,3.2,Diesel,Automatic,200089,kilometre,White,Grey,Yes,Yes,Yes,Yes,Yes,VIC,2025-07-07,103,10700.0,https://www.grays.com/lot/0001-21051773/motor-vehicles-motor-cycles/2016-ford-ranger-xl-4x4-px-ii-turbo-diesel-automatic-dual-cab
2007,Mercedes,Benz,ML 350 (4x4) W164 Automatic Wagon,Wagon,5,2007-01,2007-02,WDC1641862A221005,No plates,?,?,0,6,3.5,Petrol,Automatic,133578,kilometre,Black,Black Leather,Yes,No,Yes,Yes,Yes,VIC,2025-07-07,24,2209.0,https://www.grays.com/lot/0001-21051812/motor-vehicles-motor-cycles/2007-mercedes-benz-ml-350-4x4-w164-automatic-wagon
2008,Holden,Astra,CD AH Automatic Hatchback,Hatchback,5,2008-07,2008-09,W0L0AHL4882227090,WMC834,VIC,29-09-2025,2,4,1.8,Petrol,Automatic,263771,kilometre,Gold,Black,Yes,Yes,Yes,No,Yes,VIC,2025-07-07,12,1109.0,https://www.grays.com/lot/0001-21051861/motor-vehicles-motor-cycles/2008-holden-astra-cd-ah-automatic-hatchback
2022,Toyota,Rav,4 GX HYBRID FWD AXAH52R CVT Wagon,Wagon,5,2022-03,2022-03,JTMZ23FV90D110334,1HOF343,WA,22-05-2026,2,4,2.5,Hybrid,CVT,45822,kilometre,White,Charcoal,Yes,Yes,Yes,Yes,Yes,WA,2025-07-07,215,34100.0,https://www.grays.com/lot/0001-9061213/motor-vehicles-motor-cycles/2022-toyota-rav-4-gx-hybrid-fwd-axah52r-cvt-wagon
2014,Holden,Cruze,SRi JH Manual Sedan,Sedan,5,2014-02,2014-02,6G1PE5ENXEL964270,CSG87E,NSW,?,?,4,1.6,Petrol,Manual,161159,kilometre,Red,Black,Yes,No,Yes,Yes,Yes,NSW,2025-07-07,27,1709.0,https://www.grays.com/lot/0001-10349431/motor-vehicles-motor-cycles/2014-holden-cruze-sri-jh-manual-sedan
2012,Holden,Captiva,5 (FWD) CG II Manual Wagon,Wagon,5,2012-06,2012-07,KL3DF26UJCB050154,No Plates,?,?,0,4,2.4,Petrol,Manual,180573,kilometre,White,Black,Yes,No,Yes,Yes,Yes,VIC,2025-07-07,9,809.0,https://www.grays.com/lot/0001-21051844/motor-vehicles-motor-cycles/2012-holden-captiva-5-fwd-cg-ii-manual-wagon
2008,Mercedes,Benz,B200 Turbo W245 CVT Hatchback,Hatchback,5,2008-01,2008-04,WDD2452342J338653,No plates,NSW,?,?,4,2,Petrol,CVT,256057,kilometre,White,Grey,Yes,No,Yes,No,Yes,NSW,2025-07-07,9,709.0,https://www.grays.com/lot/0001-10349472/motor-vehicles-motor-cycles/2008-mercedes-benz-b200-turbo-w245-cvt-hatchback
2009,Mazda,3,SP25 BL Automatic Hatchback,Hatchback,5,2009-12,2010-01,JM0BL10L100144737,2CS1WN,VIC,02-09-2025,2,4,2.5,Petrol,Automatic,282747,kilometre,Grey,Black Leather,Yes,Yes,Yes,Yes,Yes,VIC,2025-07-07,45,3809.0,https://www.grays.com/lot/0001-21051762/motor-vehicles-motor-cycles/2009-mazda-3-sp25-bl-automatic-hatchback
2016,Kia,Sorento,Platinum UM Turbo Diesel Automatic 7 Seats Wagon,Wagon,7,2016-05,2016-06,KNAPH81BSG5233459,1IH6IS,VIC,18-05-2025,2,4,2.2,Diesel,Automatic,128091,kilometre,Red,Cream Leather,Yes,No,Yes,Yes,Yes,VIC,2025-07-07,176,12100.0,https://www.grays.com/lot/0001-21051853/motor-vehicles-motor-cycles/2016-kia-sorento-platinum-um-turbo-diesel-automatic-7-seats-wagon
2019,Hyundai,iMAX,Active TQ II Turbo Diesel Automatic 8 Seats People Mover,People Mover,8,2019-02,2019-03,KMHWH81KMLU071899,?,?,?,2,4,2.5,Diesel,Automatic,60745,kilometre,White,Grey,Yes,Yes,Yes,Yes,Yes,QLD,2025-07-07,160,25600.0,https://www.grays.com/lot/0001-50712252/motor-vehicles-motor-cycles/2019-hyundai-imax-active-tq-ii-turbo-diesel-automatic-8-seats-people-mover
2010,Holden,Cruze,CD JG Turbo Diesel Automatic Sedan,Sedan,5,2010 - 08,2010 - 10,KL3JA69RJAK757198,?,?,?,?,4,2,Diesel,Automatic,157126,kilometre,Grey,Multi,Yes,Yes,Yes,Yes,Yes,SA,2025-07-07,21,1709.0,https://www.grays.com/lot/0001-60048250/motor-vehicles-motor-cycles/2010-holden-cruze-cd-jg-turbo-diesel-automatic-sedan
2018,Subaru,Forester,2.5i-S S5 CVT Wagon,Wagon,5,2018-10,2018-12,JF2SK9KL5KG008667,No plates.,?,?,0,4,2.5,Petrol,CVT,188287,kilometre,Blue,Black Leather,Yes,Yes,No,No,Yes,VIC,2025-07-07,114,11709.0,https://www.grays.com/lot/0001-21051830/motor-vehicles-motor-cycles/2018-subaru-forester-2-5i-s-s5-cvt-wagon
2020,Hyundai,Tucson,Active FWD TL Automatic Wagon,Wagon,5,2020-09,2020-10,KMHJ2814MMU343625,?,?,?,2,4,2,Petrol,Automatic,153420,kilometre,White,Grey,Yes,Yes,Yes,Yes,Yes,QLD,2025-07-07,129,13500.0,https://www.grays.com/lot/0001-50712250/motor-vehicles-motor-cycles/2020-hyundai-tucson-active-fwd-tl-automatic-wagon
2013,Volkswagen,Golf,90TSI Comfortline A7 Automatic Wagon,Wagon,5,2013-09,2014-02,WVWZZZAUZEP522013,No Plates,VIC,?,0,4,1.4,Petrol,Automatic,157009,kilometre,White,Grey,Yes,No,Yes,Yes,Yes,VIC,2025-07-07,63,4700.0,https://www.grays.com/lot/0001-21051818/motor-vehicles-motor-cycles/2013-volkswagen-golf-90tsi-comfortline-a7-automatic-wagon
2001,Toyota,Echo,NCP10R Manual Hatchback,Hatchback,5,?,2001-10,JTDJW133000131282,RIY633,VIC,14-07-2025,2,4,1.3,Petrol,Manual,351098,kilometre,Silver,Blue,Yes,No,Yes,Yes,Yes,VIC,2025-07-07,8,509.0,https://www.grays.com/lot/0001-21051838/motor-vehicles-motor-cycles/2001-toyota-echo-ncp10r-manual-hatchback
2008,Volkswagen,Golf,2.0 TDi Pacific 1k Turbo Diesel Automatic Hatchback,Hatchback,5,2008-10,2008-12,WVWZZZ1KZ9U013343,1CZX703,WA,30-07-2025,2,4,2,Diesel,Automatic,187889,kilometre,Dark Grey,Black Leather,Yes,No,Yes,Partial,Yes,WA,2025-07-07,17,1609.0,https://www.grays.com/lot/0001-9061303/motor-vehicles-motor-cycles/2008-volkswagen-golf-2-0-tdi-pacific-1k-turbo-diesel-automatic-hatchback
0,Mercedes,Benz,Vito 109CDI Extra Long Turbo Diesel WOVR-INSPECTED,Van,2,?,2006 - 03,WDF63960523215628,?,?,?,?,4,2.1,Diesel,Manual,507321,kilometre,White,Multi,Yes,No,Yes,Yes,Yes,SA,2025-07-07,7,609.0,https://www.grays.com/lot/0001-60048243/motor-vehicles-motor-cycles/mercedes-benz-vito-109cdi-extra-long-turbo-diesel-wovr-inspected
2016,Mazda,CX-5,Maxx Sport KE Turbo Diesel Automatic Wagon,Wagon,5,2016-05,2016-06,JM0KE102200379404,1JE1TA,VIC,21-09-2025,2,4,2.2,Diesel,Automatic,113266,kilometre,Red,Black,Yes,Yes,Yes,Yes,Yes,VIC,2025-07-07,157,11000.0,https://www.grays.com/lot/0001-21051866/motor-vehicles-motor-cycles/2016-mazda-cx-5-maxx-sport-ke-turbo-diesel-automatic-wagon
2009,Holden,Cruze,CD JG Automatic Sedan,Sedan,5,2009 - 09,2009 - 10,KL3JA695JAK543340,?,?,?,?,4,1.8,Petrol,Automatic,106023,kilometre,Grey,Multi,Yes,No,No,No,Yes,SA,2025-07-07,7,409.0,https://www.grays.com/lot/0001-60048241/motor-vehicles-motor-cycles/2009-holden-cruze-cd-jg-automatic-sedan
2003,Toyota,Corolla,Ascent ZZE123R Automatic Wagon,Wagon,5,2003-09,2003-10,JTDER22E900143562,TQO996,VIC,21-07-2025,2,4,1.8,Petrol,Automatic,227687,kilometre,White,Black,Yes,Yes,Yes,Yes,Yes,VIC,2025-07-07,30,2409.0,https://www.grays.com/lot/0001-21051859/motor-vehicles-motor-cycles/2003-toyota-corolla-ascent-zze123r-automatic-wagon
2012,Nissan,Navara,DUAL CAB RX 4X2 D40 Turbo Diesel Automatic Dual Cab,Dual Cab Chassis,5,2012-11,2013-01,MNTVCGD40A0003866,1WR5PE,VIC,?,?,4,2.5,Diesel,Automatic,261941,kilometre,White,Grey,Yes,Yes,Yes,Yes,Yes,VIC,2025-07-07,35,2710.0,https://www.grays.com/lot/0001-21051890/motor-vehicles-motor-cycles/2012-nissan-navara-dual-cab-rx-4x2-d40-turbo-diesel-automatic-dual-cab
2002,BMW,3,20i E46 Automatic Sedan,Sedan,5,2002-06,2002-09,WBAET16010NG43325,2CM1NC,VIC,21-05-2026,2,6,2.2,Petrol,Automatic,249065,kilometre,Silver,Black Leather,Yes,Yes,Yes,Yes,Yes,VIC,2025-07-07,28,1609.0,https://www.grays.com/lot/0001-21051720/motor-vehicles-motor-cycles/2002-bmw-3-20i-e46-automatic-sedan
2010,Kia,Grand,Carnival SLi VQ Automatic 8 Seats People Mover,People Mover,8,?,2010-10,KNAMH817MB6390818,No plates,VIC,?,2,6,3.5,Petrol,Automatic,176703,kilometre,Silver,Grey,Yes,No,No,No,Yes,VIC,2025-07-07,21,2200.0,https://www.grays.com/lot/0001-21051849/motor-vehicles-motor-cycles/2010-kia-grand-carnival-sli-vq-automatic-8-seats-people-mover
2011,Mercedes,Benz,C200 CDI BE W204 Turbo Diesel Automatic Sedan,Sedan,5,2011-03,2011-05,WDD2040012A544193,1KE4QS,VIC,21-04-2026,2,4,2.1,Diesel,Automatic,137554,kilometre,Silver,Black,Yes,No,No,Yes,Yes,VIC,2025-07-07,54,4900.0,https://www.grays.com/lot/0001-21051789/motor-vehicles-motor-cycles/2011-mercedes-benz-c200-cdi-be-w204-turbo-diesel-automatic-sedan
2004,Toyota,Echo,NCP10R Automatic Hatchback WOVR-INSPECTED,Hatchback,5,2004-10,?,JTDKW133100235137,1ZC3SB,VIC,03-08-2025,2,4,1.3,Petrol,Automatic,185185,kilometre,Silver,Black,Yes,No,Yes,No,Yes,VIC,2025-07-07,27,1609.0,https://www.grays.com/lot/0001-21051809/motor-vehicles-motor-cycles/2004-toyota-echo-ncp10r-automatic-hatchback-wovr-inspected
0,Ford,Falcon,500 Automatic Wagon,?,6,?,?,JG31HA25277,No plates,?,?,?,6,3.6,Petrol,Automatic,72421,kilometre,Blue,Blue,Yes,No,No,No,No,NSW,2025-07-07,15,1500.0,https://www.grays.com/lot/0001-10349488/motor-vehicles-motor-cycles/ford-falcon-500-automatic-wagon
2013,Holden,Captiva,7 LX AWD CG II Turbo Diesel Automatic 7 Seats Wagon,Wagon,7,2013-10,2013-12,KL3CD266JDB100406,1MW1US,VIC,12-02-2026,2,4,2.2,Diesel,Automatic,340170,kilometre,White,Black Leather,Yes,No,Yes,Yes,Yes,VIC,2025-07-07,12,1009.0,https://www.grays.com/lot/0001-21051856/motor-vehicles-motor-cycles/2013-holden-captiva-7-lx-awd-cg-ii-turbo-diesel-automatic-7-seats-wagon
2021,Hyundai,i30,PD Automatic Hatchback,Hatchback,5,2021-12,?,KMHH351EMNU175654,1VS1BC,VIC,29-04-2026,2,4,2,Petrol,Automatic,17979,kilometre,Grey,Black,Yes,Yes,Yes,Yes,Yes,VIC,2025-07-07,152,20400.0,https://www.grays.com/lot/0001-21051896/motor-vehicles-motor-cycles/2021-hyundai-i30-pd-automatic-hatchback
2008,Mazda,CX-9,Luxury Automatic Wagon,Wagon,5,2008-09,2008-09,JM0TB10A190111897,WVE076,VIC,21-03-2026,2,6,3.7,Petrol,Automatic,258545,kilometre,White,Black,Yes,Yes,Yes,Yes,Yes,VIC,2025-07-07,33,3301.0,https://www.grays.com/lot/0001-21051852/motor-vehicles-motor-cycles/2008-mazda-cx-9-luxury-automatic-wagon
2012,Nissan,Navara,4X4 ST D40 Turbo Diesel Automatic Dual Cab,Dual Cab Chassis,5,2012-04,2012-09,VSKCVND40A0477102,ZIO302,VIC,04-10-2025,2,4,2.5,Diesel,Automatic,279511,kilometre,Black,Grey,Yes,Yes,Yes,Yes,Yes,VIC,2025-07-07,97,7309.0,https://www.grays.com/lot/0001-21051845/motor-vehicles-motor-cycles/2012-nissan-navara-4x4-st-d40-turbo-diesel-automatic-dual-cab
2006,Honda,Civic,VTI 8TH GEN Manual Sedan,Sedan,5,2006-09,2006-11,MRHFD15506P021598,UMT822,VIC,14-09-2025,2,4,1.8,Petrol,Manual,151687,kilometre,Silver,Grey,Yes,No,Yes,Yes,Yes,VIC,2025-07-07,23,2009.0,https://www.grays.com/lot/0001-21051724/motor-vehicles-motor-cycles/2006-honda-civic-vti-8th-gen-manual-sedan
2008,Mazda,3,Neo Sport BK Manual Sedan,Sedan,5,2008-10,2008-10,JM0BK10F200450593,WTX665,VIC,10-12-2025,2,4,2,Petrol,Manual,121714,kilometre,Blue,Grey,Yes,Yes,Yes,Yes,Yes,VIC,2025-07-07,14,2100.0,https://www.grays.com/lot/0001-21051834/motor-vehicles-motor-cycles/2008-mazda-3-neo-sport-bk-manual-sedan
2010,Suzuki,Swift,EZ Automatic Hatchback WOVR-INSPECTED,Hatchback,5,2010-07,2011-01,JSAEZC21S00573360,1VF9YG,VIC,04-07-2025,2,4,1.5,Petrol,Automatic,93284,kilometre,White,Black,Yes,No,No,No,Yes,VIC,2025-07-07,42,2609.0,https://www.grays.com/lot/0001-21051815/motor-vehicles-motor-cycles/2010-suzuki-swift-ez-automatic-hatchback-wovr-inspected
2013,Audi,Q5,2.0 TDI Quattro 8R Turbo Diesel Automatic Wagon,Wagon,5,2013-02,2013-06,WAUZZZ8R5DA069445,2CF9WC,VIC,20-06-2025,2,4,2,Diesel,Automatic,203679,kilometre,White,Black Leather,Yes,Yes,Yes,Yes,Yes,VIC,2025-07-07,53,5200.0,https://www.grays.com/lot/0001-21051831/motor-vehicles-motor-cycles/2013-audi-q5-2-0-tdi-quattro-8r-turbo-diesel-automatic-wagon
2011,Mazda,CX-7,Classic Automatic Wagon,Wagon,5,2011-11,2011-12,JM0ER10L200243489,CEO38C,NSW,05-02-2026,?,4,2.5,Petrol,Automatic,108735,kilometre,Grey,Grey,Yes,Yes,Yes,Yes,Yes,NSW,2025-07-07,80,5600.0,https://www.grays.com/lot/0001-10349457/motor-vehicles-motor-cycles/2011-mazda-cx-7-classic-automatic-wagon
2019,Toyota,Kluger,4X2 GXL GSU50R Auto - 8 Speed 7 Seats Wagon (EX-GOV),Wagon,7,2019-09,2019-11,5TDZZ3FH30S356175,1RQ5DK,VIC,30-06-2025,2,6,3.5,Petrol,Automatic - 8 Speed,134208,kilometre,Dark Grey,Black Leather,Yes,Yes,Yes,Yes,Yes,VIC,2025-07-07,213,26100.0,https://www.grays.com/lot/0001-21051855/motor-vehicles-motor-cycles/2019-toyota-kluger-4x2-gxl-gsu50r-auto-8-speed-7-seats-wagon-ex-gov
2010,Mitsubishi,Lancer,ES CJ CVT Sedan,Sedan,5,2010-06,2010-07,JMFSTCY4AAU009422,No plates,NSW,?,?,4,2,Petrol,CVT,256218,kilometre,Silver,Grey,Yes,Yes,No,Yes,Yes,NSW,2025-07-07,24,1809.0,https://www.grays.com/lot/0001-10349474/motor-vehicles-motor-cycles/2010-mitsubishi-lancer-es-cj-cvt-sedan
2013,Mazda,3,Neo BL Manual Hatchback,Hatchback,5,2013-07,2013-07,JM0BL10F200420560,1AE6PG,VIC,26-06-2025,2,4,2,Petrol,Manual,291488,kilometre,White,Black,Yes,Yes,Yes,Yes,Yes,VIC,2025-07-07,31,2800.0,https://www.grays.com/lot/0001-21051867/motor-vehicles-motor-cycles/2013-mazda-3-neo-bl-manual-hatchback
2021,Renault,Koleos,ZEN 4x2 XZG CVT Wagon,Wagon,5,2021-12,?,VF1RZG002M0368500,?,?,?,2,4,2.5,Petrol,CVT,140489,kilometre,White,Black Leather,Yes,Yes,Yes,Yes,Yes,QLD,2025-07-07,95,12509.0,https://www.grays.com/lot/0001-50712254/motor-vehicles-motor-cycles/2021-renault-koleos-zen-4x2-xzg-cvt-wagon
2008,Audi,A5,3.2 FSI Quattro 8T Automatic Coupe,Coupe,5,2008-02,2008-04,WAUZZZ8T18A031423,No plates,NSW,?,0,6,3.2,Petrol,Automatic,138408,kilometre,Silver,Black Leather,Yes,Yes,Yes,Yes,Yes,VIC,2025-07-07,108,7200.0,https://www.grays.com/lot/0001-21051832/motor-vehicles-motor-cycles/2008-audi-a5-3-2-fsi-quattro-8t-automatic-coupe
2004,Ford,Falcon,XR6T BA Automatic Sedan,Sedan,5,2004-08,2004-08,6FPAAAJGSW4E51011,2BK6GL,VIC,06-07-2025,2,6,4,Petrol,Automatic,283998,kilometre,Silver,Black,Yes,Yes,Yes,Yes,Yes,VIC,2025-07-07,71,5700.0,https://www.grays.com/lot/0001-21051808/motor-vehicles-motor-cycles/2004-ford-falcon-xr6t-ba-automatic-sedan
2010,Holden,Cruze,CDX JG Automatic Sedan,Sedan,5,2010-09,2010-11,KL3JA695JAK761520,1WL6IZ,VIC,15-07-2025,2,4,1.8,Petrol,Automatic,198799,kilometre,Blue,Black Leather,Yes,Yes,Yes,Yes,Yes,VIC,2025-07-07,5,409.0,https://www.grays.com/lot/0001-21051709/motor-vehicles-motor-cycles/2010-holden-cruze-cdx-jg-automatic-sedan
2008,Subaru,Liberty,2.5i Heritage B4 Automatic Sedan,Sedan,5,2008-12,2009-02,JF1BL9KL59G044919,WUF248,VIC,04-03-2026,2,4,2.5,Petrol,Automatic,109007,kilometre,Champagne,Black,Yes,Yes,Yes,Yes,Yes,VIC,2025-07-07,73,5300.0,https://www.grays.com/lot/0001-21051813/motor-vehicles-motor-cycles/2008-subaru-liberty-2-5i-heritage-b4-automatic-sedan
2011,Toyota,Corolla,Ascent ZRE152R Automatic Hatchback,Hatchback,5,2011-03,2011-05,JTNKU56E901159344,YJQ219,VIC,07-06-2025,2,4,1.8,Petrol,Automatic,305627,kilometre,Grey,Black,Yes,Yes,Yes,Yes,Yes,VIC,2025-07-07,31,4400.0,https://www.grays.com/lot/0001-21051862/motor-vehicles-motor-cycles/2011-toyota-corolla-ascent-zre152r-automatic-hatchback
2013,Nissan,ALTIMA,ST L33 CVT Sedan,Sedan,5,2013-12,2014-09,MNTBCAL33A0001124,No Plates,?,?,0,4,2.5,Petrol,CVT,108307,kilometre,Black,Black,Yes,Yes,Yes,Yes,Yes,VIC,2025-07-07,43,3703.0,https://www.grays.com/lot/0001-21051730/motor-vehicles-motor-cycles/2013-nissan-altima-st-l33-cvt-sedan
2015,Mazda,2,Neo DJ Automatic Hatchback,Hatchback,5,2015-07,2015-08,MM0DJ2HAA0W156477,No plates,?,?,0,4,1.5,Petrol,Automatic,103991,kilometre,Blue,Black,Yes,No,Yes,Yes,Yes,VIC,2025-07-07,69,7400.0,https://www.grays.com/lot/0001-21051806/motor-vehicles-motor-cycles/2015-mazda-2-neo-dj-automatic-hatchback
2011,Holden,Barina,TK Automatic Sedan,Sedan,5,2011 - 11,2012 - 02,KL3SA696JBB288756,?,?,?,?,4,1.6,Petrol,Automatic,93828,kilometre,Silver,Multi,Yes,Yes,Yes,Yes,Yes,SA,2025-07-07,26,2109.0,https://www.grays.com/lot/0001-60048244/motor-vehicles-motor-cycles/2011-holden-barina-tk-automatic-sedan
2013,Kia,Rio,SLi UB Automatic Hatchback,Hatchback,5,2013-05,2013-07,KNADN513MD6866272,1BF8OD,VIC,20-02-2026,2,4,1.6,Petrol,Automatic,208176,kilometre,Black,Grey,Yes,Yes,Yes,Yes,Yes,VIC,2025-07-07,43,3309.0,https://www.grays.com/lot/0001-21051790/motor-vehicles-motor-cycles/2013-kia-rio-sli-ub-automatic-hatchback
2013,Renault,Koleos,Dynamique (4x2) CVT Wagon,Wagon,5,2013-01,2013-02,VF1VY0C02DC455642,1BA9YT,VIC,15-04-2025,2,4,2.5,Petrol,CVT,200939,kilometre,Bronze,Black Leather,Yes,Yes,Yes,Yes,Yes,VIC,2025-07-07,32,2409.0,https://www.grays.com/lot/0001-21051851/motor-vehicles-motor-cycles/2013-renault-koleos-dynamique-4x2-cvt-wagon
2005,Suzuki,Swift,EZ Automatic Hatchback,Hatchback,5,2005-07,2005-09,JSAEZC21S00108955,1XB3JN,VIC,14-09-2025,2,4,1.5,Petrol,Automatic,227425,kilometre,Blue,Black,Yes,No,Yes,Yes,Yes,VIC,2025-07-07,29,2309.0,https://www.grays.com/lot/0001-21051810/motor-vehicles-motor-cycles/2005-suzuki-swift-ez-automatic-hatchback
2014,Mazda,CX-5,Grand Touring KE Series 2 T/D Auto Wagon (Complied 2015),Wagon,5,2014-12,2015-01,JM0KE102200301563,1DA1QZ,VIC,09-02-2026,2,4,2.2,Diesel,Automatic,154209,kilometre,Black,Black Leather,Yes,Yes,Yes,Yes,Yes,VIC,2025-07-07,96,9300.0,https://www.grays.com/lot/0001-21051836/motor-vehicles-motor-cycles/2014-mazda-cx-5-grand-touring-ke-series-2-t-d-auto-wagon-complied-2015
2008,Toyota,Hiace,LWB TRH201R Automatic Van,Van,2,2008-01,2008-02,JTFHX02P400031204,WNT869,VIC,08/07/2025,2,4,2.7,Petrol,Automatic,457140,kilometre,White,Grey,Yes,No,No,No,Yes,VIC,2025-07-07,37,3300.0,https://www.grays.com/lot/0001-21051814/motor-vehicles-motor-cycles/2008-toyota-hiace-lwb-trh201r-automatic-van
2007,JEEP,PATRIOT,LIMITED MK CVT Wagon,Wagon,5,2007-09,2008-10,1J8F748W38D535102,1WF7VC,VIC,07-04-2025,2,4,2.4,Premium Unleaded,CVT,167147,kilometre,Red,Black Leather,Yes,No,No,No,Yes,VIC,2025-07-07,17,1409.0,https://www.grays.com/lot/0001-21051786/motor-vehicles-motor-cycles/2007-jeep-patriot-limited-mk-cvt-wagon
2014,Mitsubishi,Outlander,LS 4WD ZJ Turbo Diesel Automatic 7 Seats Wagon,Wagon,7,2014-11,2015-01,JMFXLGF6WEZ002417,1EG9AP,VIC,31-03-2026,2,4,2.3,Diesel,Automatic,163627,kilometre,Red,Black Leather,Yes,No,Yes,Yes,Yes,VIC,2025-07-07,73,6700.0,https://www.grays.com/lot/0001-21051854/motor-vehicles-motor-cycles/2014-mitsubishi-outlander-ls-4wd-zj-turbo-diesel-automatic-7-seats-wagon
2009,BMW,3,20d Executive Touring E92 Turbo Diesel Automatic Coupe,Coupe,4,2009-09,2010-01,WBAWD12000PP60208,No plates,VIC,?,0,4,2,Diesel,Automatic,226854,kilometre,Gold,Cream Leather,Yes,Yes,Yes,Yes,Yes,VIC,2025-07-07,21,2009.0,https://www.grays.com/lot/0001-21051841/motor-vehicles-motor-cycles/2009-bmw-3-20d-executive-touring-e92-turbo-diesel-automatic-coupe
2021,Subaru,XV,2.0i Premium G5X CVT Hatchback,Hatchback,5,2021-05,2021-06,JF1GT7KL5MG119439,ENK90Z,NSW,?,?,4,2,Petrol,CVT,47776,kilometre,White,Grey,Yes,Yes,Yes,Yes,Yes,NSW,2025-07-07,234,25000.0,https://www.grays.com/lot/0001-10349455/motor-vehicles-motor-cycles/2021-subaru-xv-2-0i-premium-g5x-cvt-hatchback
2014,BMW,5,Series 520d F10 LCI Turbo Diesel Automatic - 8 Speed Sedan,Sedan,5,2014-04,Unable to read,WBA5C32090D634652,No plates,QLD,?,?,4,2,Diesel,Automatic - 8 Speed,191974,kilometre,Grey,Black,Yes,No,No,No,Yes,NSW,2025-07-07,90,7900.0,https://www.grays.com/lot/0001-10349432/motor-vehicles-motor-cycles/2014-bmw-5-series-520d-f10-lci-turbo-diesel-automatic-8-speed-sedan
2021,Renault,Koleos,ZEN 4x2 XZG CVT Wagon,Wagon,5,2021-07,2021-08,VF1RZG001M0361232,?,?,?,2,4,2.5,Petrol,CVT,128281,kilometre,Maroon,Black Leather,Yes,Yes,Yes,Yes,Yes,QLD,2025-07-07,70,11009.0,https://www.grays.com/lot/0001-50712249/motor-vehicles-motor-cycles/2021-renault-koleos-zen-4x2-xzg-cvt-wagon
2006,Honda,Accord,Euro Luxury 7th Gen Automatic Sedan,Sedan,5,2006-05,2006-06,JHMCL96806C214868,UEY183,VIC,03-07-2025,2,4,2.4,Petrol,Automatic,273328,kilometre,Grey,Black Leather,Yes,Yes,Yes,Yes,Yes,VIC,2025-07-07,28,2300.0,https://www.grays.com/lot/0001-21051833/motor-vehicles-motor-cycles/2006-honda-accord-euro-luxury-7th-gen-automatic-sedan
2008,Mazda,3,Neo BK Automatic Sedan,Sedan,5,2008-03,2008-03,JM0BK10F200407594,WKT788,VIC,06-08-2025,2,4,2,Petrol,Automatic,172158,kilometre,Black,Black,Yes,No,No,No,Yes,VIC,2025-07-07,71,5009.0,https://www.grays.com/lot/0001-21051863/motor-vehicles-motor-cycles/2008-mazda-3-neo-bk-automatic-sedan
2012,Subaru,Impreza,2.0i-S (AWD) G4 CVT Sedan,Sedan,5,2012-03,2012-04,JF1GJ7KC5CG003109,ZGD165,VIC,27-08-2025,2,4,2,Petrol,CVT,168711,kilometre,White,Black Leather,Yes,No,Yes,No,Yes,VIC,2025-07-07,100,7400.0,https://www.grays.com/lot/0001-21051865/motor-vehicles-motor-cycles/2012-subaru-impreza-2-0i-s-awd-g4-cvt-sedan
2005,Honda,Civic,GLi 7th Gen Automatic Sedan,Sedan,5,?,2005-08,MRHES16505P022545,TSA738,VIC,29-08-2025,2,4,1.7,Petrol,Automatic,213224,kilometre,Red,Grey,Yes,Yes,Yes,Yes,Yes,VIC,2025-07-07,50,3209.0,https://www.grays.com/lot/0001-21051829/motor-vehicles-motor-cycles/2005-honda-civic-gli-7th-gen-automatic-sedan
2021,Volkswagen,Amarok,TDI420 CORE 2H T/D Auto - 8 Speed Dual Cab (EX-GOV),Dual Cab Chassis,5,?,2021-03,WV1ZZZ2HZMA008754,1TM7IK,VIC,30-06-2025,2,4,2,Diesel,Automatic - 8 Speed,191917,kilometre,White,Black,Yes,Yes,Yes,Yes,Yes,VIC,2025-07-07,154,17000.0,https://www.grays.com/lot/0001-21051857/motor-vehicles-motor-cycles/2021-volkswagen-amarok-tdi420-core-2h-t-d-auto-8-speed-dual-cab-ex-gov
2013,Mercedes,Benz,A-Class A200 BE W176 Automatic Hatchback,Hatchback,5,2013-02,2013-04,WDD1760432J073191,No plates.,?,?,0,4,1.6,Petrol,Automatic,193426,kilometre,Black,Black Leather,Yes,No,Yes,Yes,Yes,VIC,2025-07-07,87,7800.0,https://www.grays.com/lot/0001-21051837/motor-vehicles-motor-cycles/2013-mercedes-benz-a-class-a200-be-w176-automatic-hatchback
2014,BMW,X5,xDrive 30d F15 Turbo Diesel Automatic - 8 Speed 7 Seats Wagon,Wagon,7,2014-12,2015-02,WBAKS420X00J48970,CMP294,VIC,09-07-2025,2,6,3,Diesel,Automatic - 8 Speed,150946,kilometre,Silver,Black Leather,Yes,No,Yes,No,Yes,VIC,2025-07-07,182,14600.0,https://www.grays.com/lot/0001-21051887/motor-vehicles-motor-cycles/2014-bmw-x5-xdrive-30d-f15-turbo-diesel-automatic-8-speed-7-seats-wagon
2006,Nissan,X-Trail,ST (4x4) T30 Automatic Wagon,Wagon,5,2006-01,2006-02,JN1TBNT30A0201026,AZQ143,VIC,12-03-2026,2,4,2.5,Petrol,Automatic,262127,kilometre,Black,Grey,Yes,No,Yes,Yes,Yes,VIC,2025-07-07,24,1909.0,https://www.grays.com/lot/0001-21051761/motor-vehicles-motor-cycles/2006-nissan-x-trail-st-4x4-t30-automatic-wagon
2017,Mazda,BT-50,4X2 XT Turbo Diesel Automatic Dual Cab,Dual Cab,5,2017-04,2017-05,MM0UR0YG100716351,ANV752,VIC,25-11-2025,2,5,3.2,Diesel,Automatic,286441,kilometre,Silver,Black,Yes,Yes,Yes,No,Yes,VIC,2025-07-07,55,8300.0,https://www.grays.com/lot/0001-21051819/motor-vehicles-motor-cycles/2017-mazda-bt-50-4x2-xt-turbo-diesel-automatic-dual-cab
0,Ford,Transit,MID (LWB) VH Turbo Diesel Automatic Van,Van,3,?,2004 - 03,WF0LXXGBFL4B85785,?,?,?,?,4,2.4,Diesel,Automatic - 4 Speed,335365,kilometre,Multi,Multi,Yes,No,Yes,Yes,Yes,SA,2025-07-07,10,1800.0,https://www.grays.com/lot/0001-60048216/motor-vehicles-motor-cycles/ford-transit-mid-lwb-vh-turbo-diesel-automatic-van
2018,Toyota,Yaris,Ascent NCP130R Automatic Hatchback,Hatchback,2,2018-03,2018-04,JTDKW3D300D601074,1HYA639,WA,25-06-2025,2,4,1.3,Petrol,Automatic,185333,kilometre,White,Charcoal,Yes,Yes,Yes,Yes,Yes,WA,2025-07-07,116,10400.0,https://www.grays.com/lot/0001-9061214/motor-vehicles-motor-cycles/2018-toyota-yaris-ascent-ncp130r-automatic-hatchback
2013,Nissan,Dualis,Ti-L +2 J10 III CVT 7 Seats Wagon,Wagon,7,2013-08,2013-12,SJNJBNJ10A7195202,?,?,?,?,4,2,Petrol,CVT,101152,kilometre,Black,Black Leather,Yes,Yes,Yes,Yes,Yes,QLD,2025-07-07,36,8300.0,https://www.grays.com/lot/0001-50712261/motor-vehicles-motor-cycles/2013-nissan-dualis-ti-l-2-j10-iii-cvt-7-seats-wagon
2015,Mercedes,Benz,M-Class W166 Turbo Diesel Automatic Wagon,Wagon,5,2015-06,2015-08,WDC1660042A613453,1IC1VL,VIC,09-11-2025,2,4,2.1,Diesel,Automatic,154499,kilometre,White,Black Leather,Yes,Yes,Yes,Contact Mercedes Benz dealer for potential service history,Yes,VIC,2025-07-07,100,12600.0,https://www.grays.com/lot/0001-21051835/motor-vehicles-motor-cycles/2015-mercedes-benz-m-class-w166-turbo-diesel-automatic-wagon
2016,Holden,Cruze,CD JH Automatic Sedan,Sedan,5,2016-07,2016-09,6G1PD5EM3GL247240,1IM3DN,VIC,27-03-2026,2,4,1.8,Petrol,Automatic,121414,kilometre,White,Black,Yes,No,Yes,Yes,Yes,VIC,2025-07-07,30,3600.0,https://www.grays.com/lot/0001-21051787/motor-vehicles-motor-cycles/2016-holden-cruze-cd-jh-automatic-sedan
2007,Toyota,Camry,Ateva ACV40R Automatic Sedan,Sedan,5,2007-10,2007-10,6T153BK400X042698,UVF242,VIC,24-10-2025,2,4,2.4,Petrol,Automatic,150748,kilometre,Silver,Grey,Yes,No,Yes,Yes,Yes,VIC,2025-07-07,83,5800.0,https://www.grays.com/lot/0001-21051860/motor-vehicles-motor-cycles/2007-toyota-camry-ateva-acv40r-automatic-sedan
2019,Hyundai,KONA,Active Automatic Wagon,Wagon,5,2019-12,2020-01,KMHK2815WLU531787,1RK4MY,VIC,06-03-2026,2,4,1.6,Petrol,Automatic,55443,kilometre,Blue,Black,Yes,Yes,Yes,Yes,Yes,VIC,2025-07-07,119,20000.0,https://www.grays.com/lot/0001-21051798/motor-vehicles-motor-cycles/2019-hyundai-kona-active-automatic-wagon
2014,Nissan,X-Trail,TS 2WD T32 Turbo Diesel CVT Wagon,Wagon,5,2014-10,2015-03,JN1TCAT32A0000660,1GA4GJ,VIC,13-08-2025,2,4,1.6,Diesel,CVT,224271,kilometre,White,Black,Yes,Yes,Yes,Yes,Yes,VIC,2025-07-07,26,5800.0,https://www.grays.com/lot/0001-21051842/motor-vehicles-motor-cycles/2014-nissan-x-trail-ts-2wd-t32-turbo-diesel-cvt-wagon
2016,Ford,Mondeo,Titanium TDCi MD Turbo Diesel Automatic Wagon,Wagon,5,2016-11,2016-11,WF0FXXWPCFGL58120,ALN228,VIC,?,5,4,2,Diesel,Automatic,233652,kilometre,Black,Black Leather,Yes,Yes,Yes,Yes,Yes,VIC,2025-07-07,47,4700.0,https://www.grays.com/lot/0001-21051840/motor-vehicles-motor-cycles/2016-ford-mondeo-titanium-tdci-md-turbo-diesel-automatic-wagon
2011,Hyundai,i40,Active VF Automatic Wagon,Wagon,5,2011-07,2011-10,KMHLB81DMCU011283,YRC973,VIC,04-08-2025,2,4,2,Petrol,Automatic,235065,kilometre,White,Black,Yes,Yes,Yes,Yes,Yes,VIC,2025-07-07,44,3200.0,https://www.grays.com/lot/0001-21051839/motor-vehicles-motor-cycles/2011-hyundai-i40-active-vf-automatic-wagon
2019,Toyota,Yaris,Ascent NCP130R Automatic Hatchback,Hatchback,2,2019-09,2019-11,JTDKW3D3901010260,1GXN967,WA,01-07-2025,2,4,1.3,Petrol,Automatic,111614,kilometre,White,Charcoal,Yes,Yes,Yes,Yes,Yes,WA,2025-07-07,165,10400.0,https://www.grays.com/lot/0001-9061215/motor-vehicles-motor-cycles/2019-toyota-yaris-ascent-ncp130r-automatic-hatchback
2022,Renault,Koleos,ZEN 4x2 XZG CVT Wagon,Wagon,5,2022-02,?,VF1RZG006NC370962,?,?,?,2,4,2.5,Petrol,CVT,141528,kilometre,Grey,Black Leather,Yes,Yes,Yes,Yes,Yes,QLD,2025-07-07,124,12200.0,https://www.grays.com/lot/0001-50712251/motor-vehicles-motor-cycles/2022-renault-koleos-zen-4x2-xzg-cvt-wagon
2014,Mazda,6,Atenza GJ Turbo Diesel Automatic Wagon,Wagon,5,2014-03,2014-03,JM0GJ102100133665,1CL7FE,VIC,14-07-2025,2,4,2.2,Diesel,Automatic,187301,kilometre,Red,Black Leather,Yes,No,Yes,Yes,Yes,VIC,2025-07-07,55,3811.0,https://www.grays.com/lot/0001-21051891/motor-vehicles-motor-cycles/2014-mazda-6-atenza-gj-turbo-diesel-automatic-wagon
1999,Lexus,IS200,Sports Luxury Automatic Sedan,Sedan,5,1999-02,1999-03,JTDBS182600010529,AAJ095,VIC,06-09-2025,2,6,2,Petrol,Automatic,304478,kilometre,Black,Black,Yes,No,Yes,Yes,Yes,VIC,2025-07-07,26,2100.0,https://www.grays.com/lot/0001-21051828/motor-vehicles-motor-cycles/1999-lexus-is200-sports-luxury-automatic-sedan
